{
  "XGBoost": {
    "n_estimators": 800,
    "max_depth": 5,
    "learning_rate": 0.12470037841636279,
    "subsample": 0.712925864696673,
    "colsample_bytree": 0.626763417850861,
    "colsample_bylevel": 0.4770606550136568,
    "min_child_weight": 16.447677005447197,
    "gamma": 4.0167642414641485,
    "reg_alpha": 1.6391342768915171e-06,
    "reg_lambda": 0.0015837672407951375,
    "max_delta_step": 0,
    "scale_pos_weight": 1.0,
    "eval_metric": "aucpr",
    "tree_method": "hist",
    "random_state": 42,
    "n_jobs": -1,
    "use_label_encoder": 0
  },
  "RandomForest": {
    "n_estimators": 455,
    "max_depth": 23,
    "min_samples_split": 11,
    "min_samples_leaf": 8,
    "max_features": "sqrt",
    "max_samples": 0.8643422901169147,
    "class_weight": "balanced_subsample",
    "bootstrap": 1,
    "random_state": 42,
    "n_jobs": -1
  },
  "CatBoost": {
    "iterations": 779,
    "depth": 7,
    "learning_rate": 0.028061064218632706,
    "l2_leaf_reg": 8.315555173994403,
    "bagging_temperature": 0.30970077971671617,
    "random_strength": 1.2677613283617017,
    "border_count": 205,
    "auto_class_weights": "Balanced",
    "loss_function": "Logloss",
    "eval_metric": "AUC",
    "od_type": "Iter",
    "od_wait": 30,
    "random_seed": 42,
    "verbose": 0,
    "thread_count": -1
  }
}